Date,Round,Home,Away,Home goals,Away goals,Penalties winner
2026-09-16,League Stage 1,Ararat-Armenia,Sparta Prague,,,
2026-09-16,League Stage 1,Omonia,Celta Vigo,,,
2026-09-16,League Stage 1,Milan,Benfica,,,
2026-09-16,League Stage 1,Bayer Leverkusen,Celje,,,
2026-09-16,League Stage 1,Hapoel Be'er Sheva,Dinamo Zagreb,,,
2026-09-16,League Stage 1,Olympiacos,Jagiellonia Białystok,,,
2026-09-16,League Stage 1,Anderlecht,Lyon,,,
2026-09-16,League Stage 1,Sturm Graz,Rennes,,,
2026-09-16,League Stage 1,Sunderland,AZ,,,
2026-09-17,League Stage 1,OFI,TSG Hoffenheim,,,
2026-09-17,League Stage 1,Levski Sofia,Red Bull Salzburg,,,
2026-09-17,League Stage 1,Beşiktaş,Marseille,,,
2026-09-17,League Stage 1,Celtic,Ferencváros,,,
2026-09-17,League Stage 1,Crystal Palace,Lech Poznań,,,
2026-09-17,League Stage 1,Viktoria Plzeň,Union Saint-Gilloise,,,
2026-09-17,League Stage 1,Juventus,NEC,,,
2026-09-17,League Stage 1,Lillestrøm,Torreense,,,
2026-09-17,League Stage 1,Real Sociedad,Bournemouth,,,
2026-10-15,League Stage 2,Sparta Prague,Lillestrøm,,,
2026-10-15,League Stage 2,AZ,Hapoel Be'er Sheva,,,
2026-10-15,League Stage 2,Red Bull Salzburg,Milan,,,
2026-10-15,League Stage 2,Lech Poznań,Bayer Leverkusen,,,
2026-10-15,League Stage 2,Celje,Omonia,,,
2026-10-15,League Stage 2,Lyon,Crystal Palace,,,
2026-10-15,League Stage 2,Union Saint-Gilloise,Real Sociedad,,,
2026-10-15,League Stage 2,Torreense,Sunderland,,,
2026-10-15,League Stage 2,Bournemouth,Sturm Graz,,,
2026-10-15,League Stage 2,Ferencváros,Viktoria Plzeň,,,
2026-10-15,League Stage 2,Dinamo Zagreb,Anderlecht,,,
2026-10-15,League Stage 2,Jagiellonia Białystok,Ararat-Armenia,,,
2026-10-15,League Stage 2,NEC,Levski Sofia,,,
2026-10-15,League Stage 2,Marseille,Olympiacos,,,
2026-10-15,League Stage 2,Celta Vigo,Juventus,,,
2026-10-15,League Stage 2,Benfica,Celtic,,,
2026-10-15,League Stage 2,Rennes,OFI,,,
2026-10-15,League Stage 2,TSG Hoffenheim,Beşiktaş,,,
2026-10-22,League Stage 3,Ararat-Armenia,AZ,,,
2026-10-22,League Stage 3,Ferencváros,Torreense,,,
2026-10-22,League Stage 3,Dinamo Zagreb,NEC,,,
2026-10-22,League Stage 3,Juventus,Rennes,,,
2026-10-22,League Stage 3,Lech Poznań,Sunderland,,,
2026-10-22,League Stage 3,OFI,Bayer Leverkusen,,,
2026-10-22,League Stage 3,Union Saint-Gilloise,Hapoel Be'er Sheva,,,
2026-10-22,League Stage 3,Sturm Graz,Marseille,,,
2026-10-22,League Stage 3,Bournemouth,Milan,,,
2026-10-22,League Stage 3,Beşiktaş,Crystal Palace,,,
2026-10-22,League Stage 3,Celtic,Celta Vigo,,,
2026-10-22,League Stage 3,Viktoria Plzeň,Levski Sofia,,,
2026-10-22,League Stage 3,Jagiellonia Białystok,Anderlecht,,,
2026-10-22,League Stage 3,Lillestrøm,Real Sociedad,,,
2026-10-22,League Stage 3,Celje,Red Bull Salzburg,,,
2026-10-22,League Stage 3,Olympiacos,Sparta Prague,,,
2026-10-22,League Stage 3,Omonia,Benfica,,,
2026-10-22,League Stage 3,TSG Hoffenheim,Lyon,,,
2026-11-05,League Stage 4,Milan,Ferencváros,,,
2026-11-05,League Stage 4,Sparta Prague,Bournemouth,,,
2026-11-05,League Stage 4,Crystal Palace,TSG Hoffenheim,,,
2026-11-05,League Stage 4,Lillestrøm,Viktoria Plzeň,,,
2026-11-05,League Stage 4,NEC,Omonia,,,
2026-11-05,League Stage 4,Levski Sofia,Jagiellonia Białystok,,,
2026-11-05,League Stage 4,Real Sociedad,Lyon,,,
2026-11-05,League Stage 4,Anderlecht,Red Bull Salzburg,,,
2026-11-05,League Stage 4,Rennes,Olympiacos,,,
2026-11-05,League Stage 4,AZ,Juventus,,,
2026-11-05,League Stage 4,Bayer Leverkusen,Marseille,,,
2026-11-05,League Stage 4,Celtic,Beşiktaş,,,
2026-11-05,League Stage 4,Hapoel Be'er Sheva,OFI,,,
2026-11-05,League Stage 4,Celta Vigo,Union Saint-Gilloise,,,
2026-11-05,League Stage 4,Torreense,Ararat-Armenia,,,
2026-11-05,League Stage 4,Sturm Graz,Celje,,,
2026-11-05,League Stage 4,Benfica,Lech Poznań,,,
2026-11-05,League Stage 4,Sunderland,Dinamo Zagreb,,,
2026-11-26,League Stage 5,Beşiktaş,Hapoel Be'er Sheva,,,
2026-11-26,League Stage 5,Red Bull Salzburg,Ararat-Armenia,,,
2026-11-26,League Stage 5,Viktoria Plzeň,Benfica,,,
2026-11-26,League Stage 5,Dinamo Zagreb,Bayer Leverkusen,,,
2026-11-26,League Stage 5,Olympiacos,Milan,,,
2026-11-26,League Stage 5,Marseille,Levski Sofia,,,
2026-11-26,League Stage 5,Union Saint-Gilloise,Lech Poznań,,,
2026-11-26,League Stage 5,Celta Vigo,Bournemouth,,,
2026-11-26,League Stage 5,Sparta Prague,AZ,,,
2026-11-26,League Stage 5,Crystal Palace,Real Sociedad,,,
2026-11-26,League Stage 5,Ferencváros,Celje,,,
2026-11-26,League Stage 5,Juventus,Omonia,,,
2026-11-26,League Stage 5,NEC,Rennes,,,
2026-11-26,League Stage 5,OFI,Anderlecht,,,
2026-11-26,League Stage 5,Lyon,Lillestrøm,,,
2026-11-26,League Stage 5,Torreense,Celtic,,,
2026-11-26,League Stage 5,Sunderland,Jagiellonia Białystok,,,
2026-11-26,League Stage 5,TSG Hoffenheim,Sturm Graz,,,
2026-12-10,League Stage 6,AZ,Sturm Graz,,,
2026-12-10,League Stage 6,Ararat-Armenia,NEC,,,
2026-12-10,League Stage 6,Hapoel Be'er Sheva,Juventus,,,
2026-12-10,League Stage 6,Jagiellonia Białystok,Crystal Palace,,,
2026-12-10,League Stage 6,Marseille,Celta Vigo,,,
2026-12-10,League Stage 6,Omonia,Celtic,,,
2026-12-10,League Stage 6,Anderlecht,TSG Hoffenheim,,,
2026-12-10,League Stage 6,Rennes,Dinamo Zagreb,,,
2026-12-10,League Stage 6,Milan,Sunderland,,,
2026-12-10,League Stage 6,Bournemouth,Viktoria Plzeň,,,
2026-12-10,League Stage 6,Bayer Leverkusen,Beşiktaş,,,
2026-12-10,League Stage 6,Red Bull Salzburg,Sparta Prague,,,
2026-12-10,League Stage 6,Lech Poznań,Ferencváros,,,
2026-12-10,League Stage 6,Celje,Olympiacos,,,
2026-12-10,League Stage 6,Lyon,Union Saint-Gilloise,,,
2026-12-10,League Stage 6,Levski Sofia,Lillestrøm,,,
2026-12-10,League Stage 6,Real Sociedad,Torreense,,,
2026-12-10,League Stage 6,Benfica,OFI,,,
2027-01-21,League Stage 7,Beşiktaş,Union Saint-Gilloise,,,
2027-01-21,League Stage 7,Ararat-Armenia,Celje,,,
2027-01-21,League Stage 7,Ferencváros,Juventus,,,
2027-01-21,League Stage 7,Jagiellonia Białystok,Lyon,,,
2027-01-21,League Stage 7,Lillestrøm,Bournemouth,,,
2027-01-21,League Stage 7,NEC,Benfica,,,
2027-01-21,League Stage 7,Olympiacos,TSG Hoffenheim,,,
2027-01-21,League Stage 7,Real Sociedad,Viktoria Plzeň,,,
2027-01-21,League Stage 7,Sturm Graz,OFI,,,
2027-01-21,League Stage 7,AZ,Dinamo Zagreb,,,
2027-01-21,League Stage 7,Bayer Leverkusen,Red Bull Salzburg,,,
2027-01-21,League Stage 7,Celtic,Marseille,,,
2027-01-21,League Stage 7,Crystal Palace,Sparta Prague,,,
2027-01-21,League Stage 7,Hapoel Be'er Sheva,Celta Vigo,,,
2027-01-21,League Stage 7,Lech Poznań,Torreense,,,
2027-01-21,League Stage 7,Levski Sofia,Milan,,,
2027-01-21,League Stage 7,Anderlecht,Sunderland,,,
2027-01-21,League Stage 7,Rennes,Omonia,,,
2027-01-28,League Stage 8,Milan,Ararat-Armenia,,,
2027-01-28,League Stage 8,Sparta Prague,Rennes,,,
2027-01-28,League Stage 8,Bournemouth,Hapoel Be'er Sheva,,,
2027-01-28,League Stage 8,Red Bull Salzburg,Crystal Palace,,,
2027-01-28,League Stage 8,Viktoria Plzeň,Jagiellonia Białystok,,,
2027-01-28,League Stage 8,Dinamo Zagreb,Sturm Graz,,,
2027-01-28,League Stage 8,Juventus,Real Sociedad,,,
2027-01-28,League Stage 8,Celje,NEC,,,
2027-01-28,League Stage 8,OFI,Lech Poznań,,,
2027-01-28,League Stage 8,Marseille,Anderlecht,,,
2027-01-28,League Stage 8,Lyon,Bayer Leverkusen,,,
2027-01-28,League Stage 8,Omonia,Beşiktaş,,,
2027-01-28,League Stage 8,Union Saint-Gilloise,Celtic,,,
2027-01-28,League Stage 8,Celta Vigo,Lillestrøm,,,
2027-01-28,League Stage 8,Torreense,Olympiacos,,,
2027-01-28,League Stage 8,Benfica,AZ,,,
2027-01-28,League Stage 8,Sunderland,Levski Sofia,,,
2027-01-28,League Stage 8,TSG Hoffenheim,Ferencváros,,,
