Season,Pot,Team
2025-26,1,Roma
2025-26,1,Porto
2025-26,1,Rangers
2025-26,1,Feyenoord
2025-26,1,Lille
2025-26,1,Dinamo Zagreb
2025-26,1,Real Betis
2025-26,1,Red Bull Salzburg
2025-26,1,Aston Villa
2025-26,2,Fenerbahçe
2025-26,2,Braga
2025-26,2,Red Star Belgrade
2025-26,2,Lyon
2025-26,2,PAOK
2025-26,2,Viktoria Plzeň
2025-26,2,Ferencváros
2025-26,2,Celtic
2025-26,2,Maccabi Tel Aviv
2025-26,3,Young Boys
2025-26,3,Basel
2025-26,3,Midtjylland
2025-26,3,SC Freiburg
2025-26,3,Ludogorets Razgrad
2025-26,3,Nottingham Forest
2025-26,3,Sturm Graz
2025-26,3,FCSB
2025-26,3,Nice
2025-26,4,Bologna
2025-26,4,Celta Vigo
2025-26,4,VfB Stuttgart
2025-26,4,Panathinaikos
2025-26,4,Malmö FF
2025-26,4,Go Ahead Eagles
2025-26,4,Utrecht
2025-26,4,Genk
2025-26,4,Brann
2026-27,1,Bayer Leverkusen
2026-27,1,Benfica
2026-27,1,Juventus
2026-27,1,Milan
2026-27,1,Lyon
2026-27,1,AZ
2026-27,1,Olympiacos
2026-27,1,Real Sociedad
2026-27,1,Marseille
2026-27,2,Ferencváros
2026-27,2,Viktoria Plzeň
2026-27,2,Union Saint-Gilloise
2026-27,2,Dinamo Zagreb
2026-27,2,Red Bull Salzburg
2026-27,2,Celtic
2026-27,2,Sparta Prague
2026-27,2,Rennes
2026-27,2,Anderlecht
2026-27,3,Sturm Graz
2026-27,3,Lech Poznań
2026-27,3,Crystal Palace
2026-27,3,Bournemouth
2026-27,3,Sunderland
2026-27,3,Celje
2026-27,3,Jagiellonia Białystok
2026-27,3,Omonia
2026-27,3,Celta Vigo
2026-27,4,TSG Hoffenheim
2026-27,4,Beşiktaş
2026-27,4,Torreense
2026-27,4,Hapoel Be'er Sheva
2026-27,4,NEC
2026-27,4,OFI
2026-27,4,Lillestrøm
2026-27,4,Levski Sofia
2026-27,4,Ararat-Armenia
